{"musicValue":0.7605797052383423,"sfxValue":0.23905815184116364}