{"musicValue":0.3491569757461548,"sfxValue":0.25206896662712099}